{
  "metrics": {
    "condition": "mul_tokens",
    "model_path": "outputs/hf_mul_tokens_10b",
    "accuracy": 0.2522405895239992,
    "accuracy_norm": 0.24736108344951205,
    "correct": 2533,
    "correct_norm": 2484,
    "total": 10042,
    "eval_time_seconds": 69.81147789955139
  }
}